<?xml version="1.0" encoding="UTF-8"?>

<contacts>
   <contact>
      <name>Michael Kay</name>
      <company>Saxonica</company>
      <email>mike@saxonica.com</email>
      <address>Reading, UK</address>
      <group>XSL List</group>
   </contact>
   <contact>
      <name>Florent Georges</name>
      <email>fgeorges.test@gmail.com</email>
      <address>rue de Savoie 73
1060 Brussels</address>
   </contact>
   <contact>
      <name>Jirka Kosek</name>
      <email>jirka@kosek.cz</email>
      <group>XML Prague</group>
      <group>XSL List</group>
   </contact>
   <contact>
      <name>Jim Fuller</name>
      <company>FlameDigital Ltd.</company>
      <email>jim.fuller@xmlprague.cz</email>
      <group>XML Prague</group>
      <group>XSL List</group>
   </contact>
</contacts>
